{
    "Version": "2025-04-29",
    "Statement": [
        {
            "Effect": "Allow",
            "Action": [
                "s3:PutObject",
                "s3:GetObject",
                "s3:ListBucket"
            ],
            "Resource": "arn:aws:s3:::example-bucket/*"
        },
        {
            "Effect": "Allow",
            "Action": [
                "states:StartExecution",
                "states:DescribeExecution",
                "states:StopExecution"
            ],
            "Resource": "*"
        }
    ]
}