{
    "Comment": "Generated Step Function",
    "StartAt": "Step1_UpbrainsXtract",
    "States": {
        "Step1_UpbrainsXtract": {
            "Type": "Task",
            "Resource": "arn:aws:lambda:REGION:ACCOUNT_ID:function:lambda_UpbrainsXtract",
            "Next": "Step2_RishabhTransform"
        },
        "Step2_RishabhTransform": {
            "Type": "Task",
            "Resource": "arn:aws:lambda:REGION:ACCOUNT_ID:function:lambda_RishabhTransform",
            "Next": "Step3_ESSValidator"
        },
        "Step3_ESSValidator": {
            "Type": "Task",
            "Resource": "arn:aws:lambda:REGION:ACCOUNT_ID:function:lambda_ESSValidator",
            "Next": "Step4_StorecoveSend"
        },
        "Step4_StorecoveSend": {
            "Type": "Task",
            "Resource": "arn:aws:lambda:REGION:ACCOUNT_ID:function:lambda_StorecoveSend",
            "Next": "EndState"
        },
        "EndState": {
            "Type": "Succeed"
        }
    }
}